Delta_power,Theta_power,Alpha_power,Beta_power,Gamma_power,Epoch,Channel
68.97945496923045,49.10252999623105,17.73322004542654,4.1234847750634165,2.755720575253304,1,Fz
0.9515013560307459,1.063621112240016,2.1457565473962363,4.815669751684808,7.022071087693159,1,Cz
16.046176003978246,2.0419727712950824,1.3896057501669783,0.33803759598806105,0.17549019617545228,1,Pz
2.780341446562884,9.520909544249625,11.999325943528095,3.452197768529714,4.644635643509905,1,Acc1
10.020630919417004,8.167085024089603,10.124060870482989,9.223546735524094,4.45219133254151,1,Acc2
4.448499854128961,3.287696859512538,0.7070823684857629,0.16071338466085722,0.0452032607947752,1,Acc3
51.7223826962306,8.958534089529463,14.303091344374815,0.6192133056740049,4.872133402471182,2,Fz
21.50897880328919,12.433755584515687,3.3669634935452195,4.642074925884759,1.7158265410101063,2,Cz
3.781826748961195,1.9137374156053648,1.4234006668736099,0.7351880429378675,0.948617862075967,2,Pz
179.5585831869922,5.9561647345187225,2.5559465397292676,5.834182627796365,3.530084831144363,2,Acc1
289.3640299083739,107.71892537193453,5.14782830074694,2.300799220113842,3.5847348484976678,2,Acc2
1.446473869729713,0.812698340572994,0.2984864354978175,0.13420425019349835,0.027549761943611795,2,Acc3
68.97945496923046,49.10252999623108,17.733220045426545,4.1234847750634165,2.7557205752533047,3,Fz
0.1641086576238715,0.8730949416932033,0.4631700173993026,0.2364796572219082,0.018464348685363736,3,Cz
52.52983310625905,5.269515272528845,0.22902627320338773,0.07495636823544445,0.1337441065267159,3,Pz
12.921103447669786,15.439384481154761,21.022838525870682,3.1826639753613417,4.290294697666615,3,Acc1
1.2084639904060985,0.9596067771776228,0.5146937278984708,0.2723304533458554,0.06824134662827644,3,Acc2
6.047104065572811,0.5682428909976679,0.6276125241994952,0.04813374520715547,0.07072931337234374,3,Acc3
51.72238269623064,8.958534089529469,14.303091344374826,0.6192133056740053,4.872133402471185,4,Fz
1.081146090706809,0.550650240773817,0.20442344323397754,0.06794145041320943,0.08043829894332122,4,Cz
19.589521537092384,4.268479068355444,1.451021532508885,0.14294110093026588,0.19087944449933997,4,Pz
38.78862107797988,15.267450888412222,1.2786944080069143,5.459530584477553,2.496651277194592,4,Acc1
1.7889692521020275,1.6775016023499099,0.2970269036953318,0.10672480724277224,0.21556900023652698,4,Acc2
0.12733373289829017,0.9030121066552416,0.16614929658621605,0.12490755862328747,0.05750963678547403,4,Acc3
68.97945496923045,49.10252999623105,17.73322004542654,4.1234847750634165,2.755720575253304,5,Fz
1.1929528235087175,0.334700279147559,0.101934627435877,0.028600768590029885,0.040013313040802044,5,Cz
6.200875530949108,22.74763460332822,3.21656781877778,2.8422077999495143,3.234465356474659,5,Pz
18.240852819398576,9.090762349718618,15.203543870325912,2.6031824059827566,3.4214983070015643,5,Acc1
1.3606724263932435,1.6872664293788464,0.7468137086553447,0.07995944547846832,0.2848947458051849,5,Acc2
384.0047828362224,112.12357821681188,7.530227258486424,2.823572062216195,2.741683539452809,5,Acc3
52.08424528097577,8.950882575877246,14.292348901110438,0.6203660761900595,4.870670491700412,6,Fz
6.316281477591929,1.0352796378111015,0.17014760093500114,0.06169195293792377,0.15049782532842645,6,Cz
9.478944266343628,40.723427582164774,7.1974323707480234,10.194675530577369,8.045186130975056,6,Pz
44.00866598904433,3.503607735616446,1.0879329387772607,4.8076215983739665,2.13786074653061,6,Acc1
16.527736814846158,1.8861313614090782,0.108469435094348,0.058975187288218815,0.06027595151697727,6,Acc2
35.44730039843836,22.717583427036345,8.393151036659807,1.5488821963087098,5.951366002865341,6,Acc3
131.84644159114256,109.64070103557572,2.4565988176175737,0.7796439904867466,0.2262383575091315,7,Fz
0.9647471862465032,0.3054981587645296,0.18593167672629912,0.05184847441945709,0.04046867854625605,7,Cz
6.20087553094911,22.747634603328223,3.2165678187777815,2.842207799949515,3.2344653564746593,7,Pz
0.5936704848906429,0.3620750103759383,0.05389533055704563,0.10759015089314529,0.06939795307329252,7,Acc1
0.8748847276275982,0.3956242826844775,0.17628099764950086,0.18463575160257797,0.13655498932271276,7,Acc2
384.0047828362225,112.12357821681196,7.530227258486429,2.823572062216197,2.7416835394528105,7,Acc3
1163.3059525145661,109.59766674233369,6.276399445601946,1.937158470839116,0.3904114401722627,8,Fz
4.969464434166302,2.408115981214074,0.20955685115040462,0.07868777598464276,0.11561634314022073,8,Cz
9.478944266343634,40.72342758216478,7.197432370748027,10.194675530577372,8.045186130975058,8,Pz
0.3555807023771228,0.5680989882740334,0.19257359335301777,0.04790238328914411,0.132218928584747,8,Acc1
10.46836009104415,0.19230211789243648,0.6168977352890181,0.15789020915205662,0.25823787824377353,8,Acc2
35.44730039843839,22.717583427036363,8.393151036659813,1.5488821963087098,5.951366002865343,8,Acc3
446.3403340250437,65.92740159964997,3.431027325745093,3.1127127193376083,0.15557485618267114,9,Fz
13.627155781033128,16.317754374487667,4.473399952097173,8.503324609506107,2.1249919680633687,9,Cz
6.200875530949108,22.74763460332822,3.21656781877778,2.8422077999495143,3.234465356474659,9,Pz
0.5007345087394292,0.44590559798395873,0.31996073914423306,0.1714322312248305,0.06889964931606728,9,Acc1
70.02703532209702,12.325768966226997,6.04325815434989,8.186072367825634,19.90988346137926,9,Acc2
384.0047828362224,112.12357821681188,7.530227258486424,2.823572062216195,2.741683539452809,9,Acc3
583.4753276583147,158.3044754203144,20.718779627012047,5.30862348784115,0.5160900822373999,10,Fz
149.7625367983168,111.78018611687025,2.7630193083168915,17.050067679441458,18.19348506288779,10,Cz
8.31367153521876,40.72948058165084,7.20490449831137,10.198677131475922,8.044068117816604,10,Pz
0.2960510510293943,0.12963025393662378,0.23459843943532857,0.053339092995886773,0.05530744385169069,10,Acc1
21.15448174444304,8.205198438735865,1.8545083846050106,5.517567424619294,3.0300905109718164,10,Acc2
35.44730039843836,22.717583427036345,8.393151036659807,1.5488821963087098,5.951366002865341,10,Acc3
944.3345148174933,57.945412162702446,0.8908444587672122,1.4775502795465014,0.18933819238977007,11,Fz
13.627155781033139,16.317754374487667,4.473399952097175,8.503324609506116,2.1249919680633687,11,Cz
18.18895652911862,4.33654368757693,0.8034050555028756,0.21068105434644135,0.1170372919410636,11,Pz
0.0767956954123257,0.19313012301437923,0.18109212017663734,0.2393143380889521,0.07174247967759431,11,Acc1
70.02703532209706,12.325768966227004,6.0432581543498936,8.18607236782564,19.909883461379273,11,Acc2
246.43410519745316,22.418916398070166,1.9846085515805183,0.2863603451024482,0.07739874241895799,11,Acc3
589.737350626191,101.05125675628271,21.775723247646486,4.537930755870432,2.7233575803387047,12,Fz
149.76253679831686,111.78018611687033,2.763019308316893,17.05006767944146,18.1934850628878,12,Cz
29.948975574381922,2.289546862418317,0.6753387656284966,1.7711375907450566,0.4025896215807812,12,Pz
0.3685869078096883,0.8310371898305394,0.2120695902438552,0.2319085664907521,0.056401897531260924,12,Acc1
21.154481744443043,8.205198438735867,1.8545083846050119,5.517567424619297,3.030090510971818,12,Acc2
47.54577469889054,10.08687971152228,5.335381578307707,0.39380778064221045,0.17357861109280043,12,Acc3
53.35511807944814,16.331749277703235,11.589351268230395,5.043540737748626,1.8288919901866971,13,Fz
13.627155781033128,16.317754374487667,4.473399952097173,8.503324609506107,2.1249919680633687,13,Cz
16.36715057291002,1.8353732017246944,0.19379219130817268,0.16055086853218178,0.32843088267697806,13,Pz
33.86495701314683,3.294867448666718,0.479215815218629,1.0230166793373296,1.5948515970711028,13,Acc1
70.02703532209702,12.325768966226997,6.04325815434989,8.186072367825634,19.90988346137926,13,Acc2
261.7109134771174,20.28588114544463,2.656680363125651,0.5639149966019629,0.1571876232527893,13,Acc3
24.890739504668446,12.711336580462616,7.172732152632169,7.703269210247491,5.820252904633707,14,Fz
152.26517189254037,111.78916554104082,2.7651368894201114,17.04822334454492,18.19443479748968,14,Cz
45.03169049082504,0.17531739929840004,0.11316332753944561,0.16181887151633811,0.16934970346967843,14,Pz
47.94812413205575,0.8171678850069255,1.2351350753373984,2.0281190809533594,2.564157696115823,14,Acc1
21.15448174444304,8.205198438735865,1.8545083846050106,5.517567424619294,3.0300905109718164,14,Acc2
316.69317247726383,301.9624456288296,4.708773129817671,0.34455197267406684,0.49054412522545665,14,Acc3
2.3913189870262253,11.57748620605833,23.211364882181762,6.892517641786481,0.7973825943506421,15,Fz
7.328129697619768,2.283527175462973,0.09610926865464724,0.14066390790118607,0.12273250608597674,15,Cz
24.71983713455757,1.0125244496688255,0.3566041704702635,0.10182089685280236,0.2707067950742348,15,Pz
4.4248865308342324,0.587445330681252,0.6660857666146635,0.9154153844551961,0.4204952940103193,15,Acc1
14.566626211097208,23.063216888558348,1.2557971395289846,2.083267493668509,0.22624014153287444,15,Acc2
227.21944430738358,5.375851431416276,1.2936357538921792,0.14756451571056353,0.3343838165510544,15,Acc3
6.003507975124235,6.040120251900507,4.322132261068313,3.87989928655535,5.509117138091985,16,Fz
1.0657933582468397,1.3259059747258508,0.4204678015110309,0.38585992810909286,0.3150056651579813,16,Cz
21.297605173638015,0.6377445831757825,0.06727581891793108,0.49528073915643306,0.3887643802558639,16,Pz
25.78988908445208,0.6121888677143051,0.5369411130832271,1.3596853032197262,1.744373311224734,16,Acc1
2.5070121353717916,0.3251626683381527,0.11456137312621936,0.12352800984323244,0.05591008711403804,16,Acc2
198.0884313082341,61.3077835576232,1.6729146609411842,0.8198818375310434,0.2860816865744219,16,Acc3
12.930482166159921,12.07249150693904,16.87799871885496,5.4292952698483035,0.5537425816619923,17,Fz
5.727314222204172,0.5510341485860294,0.15281162860948685,0.13273169535287938,0.04242643905991489,17,Cz
50.77564532811396,22.353674401303632,8.580292400066977,6.987881986251151,4.545088850149239,17,Pz
9.303803255023256,0.9335829612175255,1.6825830934112993,1.245424989308835,0.301530858658431,17,Acc1
6.484191603893768,3.8930888215417134,1.1758095559260169,0.9932944788051282,0.43166518310898916,17,Acc2
89.12448673451357,9.473855461163973,8.336551226502237,6.036887365267122,3.8962539316541145,17,Acc3
2.8126240918047722,3.804027989433353,2.468801612650946,4.135787014239128,4.562811969077544,18,Fz
7.065749734705589,0.14735653992464345,0.6207604929811064,0.33057490355813457,0.0771898558552685,18,Cz
3.3498637145987167,11.676825267988923,33.06760573660421,24.25177143836419,5.428543055463773,18,Pz
22.172727736034062,7.02412690593906,0.30589405221295907,0.6943665196271529,1.555628821760164,18,Acc1
10.216809260632068,0.2539124737313719,0.24249626998693122,0.15619686381527878,0.06440140397300953,18,Acc2
170.6371195241491,7.671126340043642,19.858121210028003,14.732686462888543,21.059149700779695,18,Acc3
242.20251433148215,158.11516057368692,6.5649082873886,0.36411641705814124,0.25074388310451956,19,Fz
1.256483781918988,1.088130873340102,0.2102452087801634,0.11803525861457918,0.0787486135069986,19,Cz
50.775645328113995,22.353674401303646,8.58029240006698,6.987881986251153,4.545088850149239,19,Pz
0.3107550271035219,0.15944812203060496,0.11194193859150015,0.08745690695305591,0.044651865855886194,19,Acc1
66.2061088135338,0.5904056862347318,0.5969457139340593,0.5620038307374132,0.2298766895798418,19,Acc2
89.12448673451362,9.473855461163978,8.336551226502241,6.036887365267126,3.8962539316541163,19,Acc3
1.9438175564598406,2.1475561106732575,1.6870672675371412,0.10210830092146807,0.19415442148115103,20,Fz
7.368397361550446,0.45445876482958286,0.16201081955755528,0.2739517862571425,0.08479301169283472,20,Cz
3.3498637145987185,11.67682526798893,33.06760573660422,24.251771438364205,5.428543055463775,20,Pz
0.12038899626855723,0.18384195239273307,0.07572362441337951,0.10139717060896836,0.06869781896157189,20,Acc1
3.7959967904572514,1.0322247213447102,0.0940580055219363,0.025962964143754614,0.07100547038448428,20,Acc2
170.63711952414917,7.671126340043642,19.858121210028013,14.732686462888553,21.0591497007797,20,Acc3
341.73950685507214,20.77291767898895,1.519898605313379,0.3158939356375911,0.2275096607133626,21,Fz
473.576740934653,344.8200311548346,9.011211654337128,4.8023248271145444,8.66741717048595,21,Cz
50.77564532811396,22.353674401303632,8.580292400066977,6.987881986251151,4.545088850149239,21,Pz
0.7299382797248753,1.9225249642438083,0.12898271422577542,0.14764687264018347,0.09514120060513173,21,Acc1
26.44906671889099,6.752550371741208,11.371956705665617,3.0564295029860418,4.661692935264415,21,Acc2
89.12448673451357,9.473855461163973,8.336551226502237,6.036887365267122,3.8962539316541145,21,Acc3
9.684704407303713,2.343343236375731,2.0612108992539797,0.16851892424392326,0.21462402878715886,22,Fz
12.775559966750713,3.183852163306399,24.11818779548732,4.158086518175025,9.799277576116458,22,Cz
3.2738469310833107,11.666282822653992,33.069251714585604,24.248870020953163,5.427048572409339,22,Pz
1.7242379486131276,1.502121185511396,0.061831846753326015,0.1823935575638295,0.07193457979237401,22,Acc1
29.512283556111505,5.196251751836725,15.685585642351853,11.926880457537594,5.525367977656101,22,Acc2
170.6371195241491,7.671126340043642,19.858121210028003,14.732686462888543,21.059149700779695,22,Acc3
163.76370086862164,32.246142275941686,3.0489396118776755,0.3602929349016671,0.13281299160568186,23,Fz
101.46865230656844,86.11687764607757,2.0713493487936843,4.325543953825253,6.5120590240500205,23,Cz
1.7983499178350693,1.9595517153976854,0.10080463356945597,0.06431410192552917,0.06287145367916826,23,Pz
0.6242338080057324,0.529779398995052,0.10274196822847519,0.03495815009258916,0.17362186510042582,23,Acc1
10.74093427991691,5.355925157354992,5.578311893473496,2.903667878086041,6.598454635702114,23,Acc2
197.30167681734522,16.065500286098576,1.6240348947083452,0.16057848345617787,0.10878979918438089,23,Acc3
4.005990189515742,0.43127141871673963,0.3656319622772356,0.13899275993347687,0.16426662504985318,24,Fz
26.48963972693769,1.190822148930082,35.45083515494019,4.637290455399729,8.084710171179253,24,Cz
0.39339796372571956,0.3791332188514303,0.793461422540846,0.15015662411381775,0.1751957007408882,24,Pz
0.26904423498192054,0.3138258240938699,0.11826494814918112,0.03447412733464083,0.0440280139117863,24,Acc1
21.71559467284651,2.6598753903228647,9.033377367887665,9.373402862465165,3.295871070358303,24,Acc2
611.5844853509158,20.27529257591248,5.015782139564812,0.2707561721190001,0.46672161516880967,24,Acc3
33.75771628126291,85.69362265001814,3.4584888168838197,4.100828514557069,1.5603631067269867,25,Fz
126.33139473785172,82.48430331134155,1.3321253349179922,3.593714525477735,5.242903683019765,25,Cz
6.800130509276239,2.4397124352830724,0.10948019243918199,0.18260140618741885,0.10155772766381857,25,Pz
14.62879612944475,4.233780426917139,10.947591676180217,6.919385577153516,5.248637762497419,25,Acc1
7.727257398432921,5.325847618034927,5.410465748888361,2.569795802011741,6.188956655156306,25,Acc2
37.40070556606765,2.94283642418371,0.7398059224212618,0.12872677786166234,0.09577085867063964,25,Acc3
331.53472206433645,65.79668278542623,4.784847876608686,9.204347810582549,3.1908890848124014,26,Fz
11.944804212712963,2.338251182132838,13.884629006688552,4.059093976098477,6.315423278795012,26,Cz
2.81875750070912,2.318942843327653,0.11911900287585842,0.10304829762086058,0.028455935066167014,26,Pz
101.4066244195659,3.422451372605481,1.5120658860682237,3.5433750532138757,3.8251790678581337,26,Acc1
7.458546323697956,0.8636042994141695,8.791734564204848,8.068863446854934,3.2476142668017047,26,Acc2
717.5524121763143,86.20582334029517,2.165016864476778,0.5598437295498967,0.40097373052841306,26,Acc3
33.75771628126292,85.69362265001818,3.458488816883822,4.10082851455707,1.5603631067269874,27,Fz
13.32213007122083,0.5506530564764555,0.08429473152662983,0.6390597944842533,0.5317417473096886,27,Cz
0.35434756830347613,0.6442382367149672,0.27641022223213846,0.04225602963547376,0.12714685484952928,27,Pz
14.718018604557718,1.142669628283875,7.832733727850649,5.49566242314624,2.875185419839976,27,Acc1
1.1604023170406124,1.5401906793142697,0.5137471632761643,0.06257214226352985,0.10018896313832808,27,Acc2
120.3729865543448,10.09592978421804,0.6498514151491841,0.5245844692366461,0.31583907497051283,27,Acc3
331.5347220643367,65.79668278542626,4.784847876608691,9.20434781058256,3.190889084812403,28,Fz
1.0610015244843605,0.921515937761125,0.21292706234003048,0.09183621445942729,0.03971669438557597,28,Cz
2.849037189345031,1.0813377150757246,0.1987837450402015,0.27476941580609265,0.16126055503653822,28,Pz
37.578085537389164,6.338271641767839,2.7226468880180312,5.58355188852283,2.4550525074661325,28,Acc1
0.8718041656054069,0.05086399403028735,0.30896217951942095,0.04655443068921845,0.1309613709329086,28,Acc2
1213.156293281806,24.441429811338917,1.9923762660506081,0.3987797124210504,0.17524309863228968,28,Acc3
33.75771628126291,85.69362265001814,3.4584888168838197,4.100828514557069,1.5603631067269867,29,Fz
16.840636865000164,1.7456490511631257,0.3029287614660854,1.025598863089413,0.20353205553824444,29,Cz
196.09191069381893,29.256404643485435,16.845189233318514,9.45120282524403,19.446784560453068,29,Pz
7.249673422696275,0.7555529258583955,6.178329681947856,3.6709378268838786,2.127308097009634,29,Acc1
0.2744799162326087,0.11259516377899133,0.21526631234930962,0.04017594100529634,0.02187553694504498,29,Acc2
101.52148671449493,10.04604795327646,6.742023941924669,2.340043504453888,3.2395514569309585,29,Acc3
329.43245903801477,65.78425547600185,4.783245107484712,9.204490233193335,3.188221954072838,30,Fz
1.7426685806048514,0.1752342796556011,0.21821843815507164,0.03070448778004245,0.08289520554360455,30,Cz
75.22963197308124,5.711749725366211,36.09507252254903,7.016301466528521,12.870161120700766,30,Pz
10.54375814405171,3.81964650439039,1.2012437877703674,4.877411078746636,2.5594153412372567,30,Acc1
0.4741011409763286,0.39204892595569635,0.10138619306487273,0.32489537530676543,0.03259726311092385,30,Acc2
95.89131925059556,9.206257915257371,7.294097073953358,15.10133512643131,10.426237368418409,30,Acc3
0.7779104984040354,0.7317536742859206,0.2647066282397451,0.0489179182402879,0.088069134834909,31,Fz
44.88590690248364,1.5277951109379433,0.47795243922470726,0.20415087996708836,0.26393519711565244,31,Cz
42.337114358780596,19.630812435605403,17.82683985528022,5.906086396611663,13.45521760329012,31,Pz
3.847597432934818,2.2295288608613406,0.4879855089551707,0.1511087684705077,0.05344734573663647,31,Acc1
5.277218291599019,0.4505951000149955,0.501815932803001,0.09731100169705413,0.20300841689527296,31,Acc2
7.547208097578159,1.6716701291029785,6.986765235079616,5.764557399520217,3.7097374869126356,31,Acc3
9.268160451358444,7.976763044641992,0.6433658450776832,0.10548579810383663,0.05877387428074058,32,Fz
1.042147814243107,0.17208522987218336,0.16523502439452514,0.05755431202639177,0.19905861074081505,32,Cz
6.123702700985229,9.670444387767642,26.336384255234226,8.96842279032382,12.045776908916036,32,Pz
0.5366654823352208,0.11845413199705786,0.056995365505475334,0.06569371071072871,0.07837949140984796,32,Acc1
0.5381187323778189,0.1744460789949055,0.27740185598850575,0.24235437201309837,0.0828988721458262,32,Acc2
24.827535448986357,7.161962367608008,9.43423367968494,9.82816157189343,11.950574018030428,32,Acc3
0.9440804842708882,0.48509173027461694,0.40964747067240925,0.10772018843948006,0.04186949382965914,33,Fz
28.800245143314257,3.942716972394612,1.7899937347794186,3.560307634840084,1.8487478413229166,33,Cz
35.64345140069997,11.276924000840049,11.351199848017963,5.565568565927021,12.2815102112983,33,Pz
6.705604956944492,1.4654441776719442,0.07110734923657143,0.08524049479488845,0.08700605348857757,33,Acc1
117.52755091566296,9.755682562941947,3.3195164831718045,7.075573106916399,2.39977678776545,33,Acc2
10.909819729304616,1.4396992834139988,7.573277643863561,7.4318553220630115,4.0994114402402975,33,Acc3
14.643613423694017,7.175928970531597,0.3653498965209619,0.10798713422883761,0.1957321835693668,34,Fz
34.644454983063945,2.3533652379526497,2.271082077640645,21.354235667312338,2.5071106634915967,34,Cz
19.817377720393697,8.232619095357625,23.594418619102377,7.261021218273503,11.585880492564996,34,Pz
2.4198638248757525,1.1552675127435388,0.09822291682610403,0.0197042685546133,0.014015359222711757,34,Acc1
90.1257037324132,2.790298540810692,13.325061750827505,0.9500963652482525,4.65313400123895,34,Acc2
14.317590028725705,7.919166584917337,10.094727947240093,8.846282272966475,12.448683258437836,34,Acc3
0.8532844913846053,1.14729904010773,0.38826893249015587,0.1401993390799412,0.12669555493705809,35,Fz
10.78847859105929,3.551800756502883,1.9268698968692228,3.403256749216825,1.4339828770926906,35,Cz
1.0487872623072867,3.165837237887756,0.2526689694530034,0.28231579852030597,0.12879641409273984,35,Pz
17.143076630314912,0.0991271848603889,0.17894298812486822,0.15597209739281045,0.11249479848587338,35,Acc1
117.52755091566303,9.755682562941951,3.3195164831718054,7.075573106916401,2.3997767877654512,35,Acc2
45.135258920602595,3.210969853057001,0.28973341396306346,0.10252107910439473,0.09815105528960638,35,Acc3
8.504485149078732,0.14934183791533454,0.3043669464174228,0.07507780041750003,0.18458257408576353,36,Fz
40.881782389330304,3.54010740133862,2.0133666535263797,14.349164405110516,2.3671181196816624,36,Cz
5.741337477923814,4.765787113675373,0.22312083629602575,0.146008542431671,0.0358892790160245,36,Pz
1.8706755162094468,0.162252988646462,0.1259489863296686,0.09582648129290304,0.10779214500578453,36,Acc1
90.12570373241324,2.7902985408106944,13.325061750827507,0.9500963652482536,4.653134001238952,36,Acc2
2.1861675948661956,0.47446094818138396,0.06619737325212004,0.1557146071302206,0.14678513512687744,36,Acc3
220.2153999200712,60.72659683375264,14.776870352600685,8.239330711696843,6.307338587658465,37,Fz
8.229171269432749,1.6502664093107497,3.7277507024634837,2.9643723929840924,1.8118348084677103,37,Cz
2.4092864588130682,3.2533397585746173,0.23670776361786214,0.47499931108024057,0.09708413098677207,37,Pz
6.2885956610303015,5.191099928079759,14.191347427594485,0.9024745668595555,4.544614324236972,37,Acc1
117.52755091566296,9.755682562941947,3.3195164831718045,7.075573106916399,2.39977678776545,37,Acc2
30.565033036951647,5.329225695639203,0.5422666272968323,0.08162681233021835,0.052359669693638956,37,Acc3
39.39076198472563,58.52566782302176,26.641930992008337,57.60906727266657,27.348294761016938,38,Fz
33.080271215575465,1.3725248169105828,1.1246840043452269,8.926525172636909,2.1642031369554644,38,Cz
7.624927763220356,4.78122310360579,0.18292305345714321,0.030040566430292643,0.021025175966477773,38,Pz
55.55656601966689,10.683824400980315,5.15138747405557,2.370342999956249,2.626513043733853,38,Acc1
90.1257037324132,2.790298540810692,13.325061750827505,0.9500963652482525,4.65313400123895,38,Acc2
9.454299890635623,0.9321570266932442,0.10371919131728305,0.1404026738057649,0.05927217312026164,38,Acc3
220.2153999200713,60.72659683375267,14.776870352600692,8.239330711696846,6.307338587658467,39,Fz
1.097547887948131,0.677178980808336,0.28164598505754984,0.22609113241055623,0.14614634198577517,39,Cz
7.904040000638935,0.7671371341813292,0.27906298704210747,0.08795382697060522,0.20873481527003523,39,Pz
6.288595661030292,5.1910999280797645,14.191347427594497,0.902474566859556,4.544614324236974,39,Acc1
9.038493058606775,22.243085859769504,1.2606582432866404,2.5481772716284374,0.11709500755576993,39,Acc2
126.88300715318076,0.7320816854639739,0.41649478109627547,0.08447467674098863,0.10307231685751735,39,Acc3
39.39076198472566,58.525667823021784,26.641930992008348,57.60906727266658,27.348294761016945,40,Fz
3.369175946586341,2.2393738769141183,0.4605836552079217,0.14030328136764145,0.025432540396744974,40,Cz
1.1012446203680728,4.5210739082904725,0.45615174228543404,0.053168686409779085,0.2667173040129102,40,Pz
55.556566019666896,10.683824400980319,5.151387474055571,2.3703429999562506,2.626513043733855,40,Acc1
4.37990160141288,8.116787709215801,1.0348454402965492,0.07659268641086106,0.029953105893187636,40,Acc2
4.046547516929371,0.04660796332640713,0.08301993843744551,0.22414599834741547,0.12101813588764317,40,Acc3
220.2153999200712,60.72659683375264,14.776870352600685,8.239330711696843,6.307338587658465,41,Fz
1.5733195285893073,1.7705067159921735,0.25989644991424043,0.2086553630330914,0.019753602808112104,41,Cz
37.29891736785098,54.66606824205028,18.884197010361344,6.339714080256154,16.18436660678849,41,Pz
6.2885956610303015,5.191099928079759,14.191347427594485,0.9024745668595555,4.544614324236972,41,Acc1
77.13972726141974,11.562194700300203,2.8644601428569008,1.258659543151812,0.7823771869295337,41,Acc2
18.902321100423325,5.757448580528673,0.8951072833987469,1.921460578388853,3.7977319958413362,41,Acc3
40.98995475804533,58.53614688075724,26.656205588095673,57.60683780198593,27.34791433936848,42,Fz
0.9381244067079304,1.0612280288631473,0.4099026909942509,0.07380459733975105,0.06676052311792667,42,Cz
112.8273727278248,3.3040337214951276,2.1524491085981223,4.8147780663044,1.315558687601561,42,Pz
55.55656601966689,10.683824400980315,5.15138747405557,2.370342999956249,2.626513043733853,42,Acc1
39.98243651719968,7.311398049253502,0.6155038133156395,0.32236305742018634,0.25416028811248814,42,Acc2
8.24230501819337,2.5283263608054862,17.6164603589924,5.657037303846001,3.9446784776936035,42,Acc3
1.936376593775661,1.5475044708981827,1.464256148222547,0.11167015033724204,0.023317483420643107,43,Fz
0.34132434070042345,0.5723708427408928,0.3754273112782198,0.10665650362954719,0.04550875204239418,43,Cz
37.298917367851,54.66606824205031,18.884197010361355,6.339714080256154,16.184366606788494,43,Pz
0.19799183606492318,0.5659891048149942,0.3869102950658768,0.09943665880073593,0.05111963748561286,43,Acc1
49.7086477284439,2.2489667731860834,0.39035820788205555,0.9582106922321197,0.28335685567755,43,Acc2
3.7612896709491364,1.1783318026615208,2.832953128717251,3.276618309959759,2.337692772502623,43,Acc3
0.8854478120647447,0.6622380016652151,0.12776183885845796,0.2380117890816944,0.01972073273329234,44,Fz
2.400016384097579,0.3531264962571565,0.19498339505900503,0.043371642491824756,0.10201851423400146,44,Cz
112.82737272782485,3.3040337214951303,2.1524491085981228,4.814778066304402,1.3155586876015612,44,Pz
1.3883525514020079,0.3954480333001292,0.21803906117585364,0.7573339169350032,0.24693355617658858,44,Acc1
43.698645377802904,1.1907741145791377,0.8650077298910401,0.2012562320723906,0.047388558062086764,44,Acc2
7.668954726483873,1.652905729986155,15.502005025767616,4.293812322915384,2.5604150688406135,44,Acc3
13.693156057805638,2.832185508099984,0.6382662906663781,0.09424243776524556,0.13643300848789905,45,Fz
6.956609368720228,2.263219031256433,9.631139062860438,1.2520245517835558,4.461381728652315,45,Cz
37.29891736785098,54.66606824205028,18.884197010361344,6.339714080256154,16.18436660678849,45,Pz
0.39162068340705253,0.2767759259536806,0.11230069495970323,0.046748176607579156,0.07456703166769188,45,Acc1
38.729267996093824,7.474713346625787,3.2237291940294446,1.65835104155615,2.7289479445136893,45,Acc2
7.191972070116108,2.3325154200370233,1.1241159881221998,3.2779651609385265,2.045446490527072,45,Acc3
11.296981819201767,1.4058663598983472,0.49339176924847655,0.1442409935778892,0.06815555937209598,46,Fz
17.441228863716628,10.580620237421423,1.189730241899032,2.541021859966023,1.3559981535530476,46,Cz
115.89803158745515,3.2950941827011753,2.1530827218429076,4.811771937915353,1.315922872296906,46,Pz
1.033651825359184,5.567777120659124,0.5964710254672057,0.4584816617324528,0.19535126904741856,46,Acc1
46.178674512458166,13.746062701451857,38.01707328246947,11.846885729752765,7.827606941594811,46,Acc2
0.7334580784089935,2.128845966633174,7.612025587641908,3.1110842216419576,1.944209742645293,46,Acc3
17.66929280902897,1.6957002913556607,0.1871137865725423,0.18642206793034619,0.22896274705430816,47,Fz
14.881646573607506,2.8344454505162138,3.234597891064805,0.772793453497603,1.7582324722774896,47,Cz
0.7213644752679351,0.8705099624010195,0.31182491627560827,0.1983737053638012,0.09691134339624977,47,Pz
0.5289559657559938,0.6164757435214049,0.26419737417317346,0.03888903024679193,0.03460210090778266,47,Acc1
38.729267996093846,7.474713346625788,3.2237291940294477,1.658351041556151,2.7289479445136915,47,Acc2
2.139611959480537,1.4472734412294956,0.29755035140317737,0.07638874027710738,0.027862982213604576,47,Acc3
7.842238797399485,1.9604520906851397,0.7628897250291556,0.19736394477854072,0.11156331343053609,48,Fz
8.276939302598151,5.898560350818617,2.5382272046844077,3.392746641677192,2.0593939811219597,48,Cz
0.15733565899950852,0.21006621218946134,0.35024558565227937,0.07243560022381211,0.029962772634828716,48,Pz
14.673979585994903,1.568318474788774,0.1296747564154124,0.12081512237993963,0.3011022668153659,48,Acc1
46.178674512458166,13.746062701451864,38.0170732824695,11.84688572975277,7.827606941594814,48,Acc2
4.2803506615763585,3.991101282807453,0.0721601269710597,0.03565782174242697,0.09305667886771926,48,Acc3
172.94971992467927,3.683519732926,9.025658186550821,1.2371198357893263,8.046382785676043,49,Fz
5.08142440029626,6.876864232813381,3.1486388973270385,1.6156995492657644,1.9796525721309073,49,Cz
2.99642299839512,0.6070726300387458,0.1271038219881425,0.058830126235468246,0.08474016949699066,49,Pz
9.279822973751372,4.232031345970057,0.9559320607451174,2.0670203432325054,1.1471531989544825,49,Acc1
38.729267996093824,7.474713346625787,3.2237291940294446,1.65835104155615,2.7289479445136893,49,Acc2
1.5054688342099596,0.36493982453601675,0.28269132099823774,0.08529055593503844,0.17215484356180977,49,Acc3
189.49179544313216,23.668420697713845,5.274913788381708,29.89038343797249,10.245199018767636,50,Fz
2.36796861866628,1.3117088361902525,1.0221462541083761,4.632989437950946,2.4677322497625696,50,Cz
8.733117989884219,1.6848600819400772,0.23252111447629073,0.06451664610320229,0.06954770947777628,50,Pz
12.989494516296265,7.26868969309474,2.788848884839724,3.041514070813225,2.8121847271052878,50,Acc1
46.178674512458166,13.746062701451857,38.01707328246947,11.846885729752765,7.827606941594811,50,Acc2
0.85623096727091,0.27436708933837606,0.14818244806477315,0.08484125317713277,0.27546839607877993,50,Acc3
2.024388154644628,1.557593104093339,1.9672022553368222,2.725997506359675,5.694029815293159,51,Fz
0.31997068864002975,0.08561657305456376,0.5806610115914866,0.08958853536784094,0.05476054183967688,51,Cz
6.6886745883619065,1.8865654843854374,0.22754815992160005,0.08002841253194241,0.175946180495732,51,Pz
9.279822973751372,4.232031345970057,0.9559320607451174,2.0670203432325054,1.1471531989544825,51,Acc1
304.97364073095775,2.519476128614628,4.936126025009594,0.29404109527065087,0.2621703157147526,51,Acc2
1.9442928816966778,1.3790799977661579,0.15183433503325805,0.11604125998787042,0.08011944735242771,51,Acc3
60.7363517479558,10.508084222860214,6.969476099803636,20.4449223340331,6.673786222056509,52,Fz
0.8395744509990279,0.6477266568682595,0.08609662815386097,0.09801873248634956,0.1329353059974022,52,Cz
4.922093139925805,0.9161390133139035,0.24657669433675325,0.4044571147388585,0.0630719966871657,52,Pz
12.989494516296274,7.26868969309474,2.788848884839724,3.0415140708132262,2.812184727105288,52,Acc1
4.6823099021422685,1.0120625305519055,1.4092283777489114,1.1683061496157936,0.41798354814969085,52,Acc2
1.9721946541237978,0.5449239439704249,0.133912863259567,0.023422612870772547,0.10970022520431981,52,Acc3
15.497709930713624,2.476422964973715,2.392152623148973,3.252708896428302,5.29598362570478,53,Fz
0.41146021092341745,0.59409931469157,0.07591324011739761,0.15193920787501458,0.15252009589360535,53,Cz
51.0397760254278,34.76452292231915,5.061416798286847,3.117795757019754,5.08045731305368,53,Pz
9.279822973751372,4.232031345970057,0.9559320607451174,2.0670203432325054,1.1471531989544825,53,Acc1
229.41620098230496,5.76271757112067,0.4078844127505361,0.2089331213990162,0.29399180778747314,53,Acc2
194.6742569887586,52.995068290967446,13.708590248544763,2.1247219705950577,10.746378847407623,53,Acc3
41.89501789587176,11.404299585296938,7.632533299750541,18.43468974063897,5.925720425626355,54,Fz
2.1399296806287746,0.41838306114260265,0.17570712974671573,0.04180523083074078,0.04406986687377232,54,Cz
12.803376618530491,13.106186404765133,0.5562178296869428,6.730389249232968,9.477157805534636,54,Pz
12.989494516296265,7.26868969309474,2.788848884839724,3.041514070813225,2.8121847271052878,54,Acc1
67.02881375712367,1.2114721000480293,0.06995013212241649,0.17367925621605684,0.28663642738328415,54,Acc2
379.0336342082875,11.27625851445149,11.620000193869643,4.7137111406485745,0.6934498538871428,54,Acc3
2.4848772636605103,0.28821827855548626,0.6513174924101197,0.150859651839729,0.26738855844443454,55,Fz
0.8643701456234314,0.2659297733792742,0.3558651047207389,0.13680508808371886,0.05619585434715744,55,Cz
51.03977602542781,34.76452292231917,5.061416798286849,3.1177957570197545,5.080457313053681,55,Pz
1.4376504753931931,0.4733257530152499,0.18495087313627123,0.407046435367653,0.07743824723922955,55,Acc1
262.71126547966634,6.88442709998782,0.8095985671211589,0.020071320468226572,0.06146383514503482,55,Acc2
48.5791834862668,21.185273001454316,5.719461767571881,0.6564706838554896,8.332401920399025,55,Acc3
2.0808684973662985,3.786625300519219,0.79316864371746,0.066698586167396,0.09357360316519242,56,Fz
0.2861389979588216,0.179419730448258,0.16811508159095004,0.05284182477005211,0.07396493401234237,56,Cz
12.803376618530502,13.106186404765138,0.556217829686943,6.730389249232971,9.47715780553464,56,Pz
6.510782093286408,6.3297211895596694,0.3486378332703948,0.038786697517182604,0.08346630832222261,56,Acc1
10.405597266932944,0.9355514401752333,0.14677805056137921,0.07600389359020475,0.13817273478668546,56,Acc2
11.842781447401515,6.696799110028962,4.084453653717528,1.374188090397457,1.0430103781295672,56,Acc3
1.3124472215274574,1.5807697274156867,0.1622868023976547,0.19065729764897946,0.07350957577951595,57,Fz
174.6291677603067,15.791185927612332,12.492011883119531,10.850362953478315,11.31262822586795,57,Cz
51.0397760254278,34.76452292231915,5.061416798286847,3.117795757019754,5.08045731305368,57,Pz
16.881502696106654,1.0353757852954393,0.0981874807628776,0.6260834731754554,0.08615208613635114,57,Acc1
42.34706273787172,13.951610458036553,1.1130564457255128,14.855067139019667,2.838757871431698,57,Acc2
50.276929806588356,17.951329520721707,6.333159511078258,1.2079822027665483,5.717917955744961,57,Acc3
8.757042723176681,2.7607080330537292,0.44436768577410446,0.08032497615557128,0.11836332110461438,58,Fz
21.076988838301066,23.998166616324834,9.143879814524718,4.388316367813761,3.161912292681922,58,Cz
12.243007404508456,13.11719548035804,0.5556428620083922,6.7275516045927395,9.4746926463034,58,Pz
14.85503007382825,10.591138295938844,0.595825545804419,0.10901040693217916,0.10977280151959697,58,Acc1
42.95747058335229,10.24794266055393,5.214160452499309,6.340292151031806,4.062979007904495,58,Acc2
60.32518145184125,5.2806608355804565,4.37019464062156,2.3403085299102737,1.0493732765291237,58,Acc3
7.262992001236352,0.18007462248176406,0.19808331561688317,0.11329172275889558,0.07129563835124036,59,Fz
174.62916776030679,15.791185927612341,12.492011883119535,10.850362953478323,11.312628225867961,59,Cz
0.6512525642040277,0.5982570263624758,0.14252932794466383,0.24770633539876727,0.0453767257601078,59,Pz
28.181123648879858,1.1869390692956518,0.2788970637452496,0.058885265460173385,0.1712367753898289,59,Acc1
42.34706273787174,13.951610458036564,1.1130564457255132,14.855067139019672,2.8387578714316994,59,Acc2
3.3171831080888703,8.666849297211824,0.26274362033147297,0.023532570558660735,0.09629312792874725,59,Acc3
1.902017400155677,1.427202155780736,0.7051858281545146,0.20426411139401354,0.09771470998795724,60,Fz
21.07698883830107,23.998166616324838,9.14387981452472,4.388316367813764,3.1619122926819223,60,Cz
1.2098869823097234,0.9876085294081633,3.666140377336833,8.327417409746714,1.8006499228715955,60,Pz
0.4622806716683634,0.9740176631237748,0.12119243079586337,0.18015012559136964,0.19913031416318652,60,Acc1
42.95747058335233,10.247942660553932,5.21416045249931,6.340292151031808,4.062979007904497,60,Acc2
5.317685665548674,2.7045009316458657,0.9721361973410497,0.0641200344655838,0.029624164653013874,60,Acc3
373.5323690130248,58.250267087276264,16.49112915943118,7.1795409180526795,5.134647837039226,61,Fz
174.6291677603067,15.791185927612332,12.492011883119531,10.850362953478315,11.31262822586795,61,Cz
4.996833730818448,2.5532477345982905,0.0797764608378863,0.044817346098091314,0.08701606878762032,61,Pz
61.42805487964954,27.542327254678096,7.576919587919737,4.561810464358637,7.382450904757829,61,Acc1
42.34706273787172,13.951610458036553,1.1130564457255128,14.855067139019667,2.838757871431698,61,Acc2
12.997580738185563,11.070137916563937,0.4031025514345122,0.05144523983793492,0.061091465345536645,61,Acc3
33.71878975111176,3.922416513380938,4.262156999098794,6.375937834603849,4.519120640017405,62,Fz
20.58943374499934,24.012525632108908,9.146894486233402,4.383684991960883,3.16423079179293,62,Cz
8.24172441167084,3.9869055627473813,3.434349904752879,3.131597263501917,0.7927703288645032,62,Pz
36.576365267559126,2.4893673358684514,7.615295151073712,1.1301148639899052,2.8048355572742305,62,Acc1
42.95747058335229,10.24794266055393,5.214160452499309,6.340292151031806,4.062979007904495,62,Acc2
18.719415833197495,4.295115259043372,0.23973187986761957,0.23839180399360882,0.24576881402636336,62,Acc3
7.066633938561005,4.1615256853887646,4.608033580457627,5.095865595922276,4.263413783841256,63,Fz
25.18866157026539,1.5389615088056632,0.40676596987113756,0.06336089184565995,0.03562146587961502,63,Cz
4.667324289079534,0.27762027448599486,0.16006881701503645,0.15915084466129362,0.1018759361714845,63,Pz
61.428054879649565,27.542327254678113,7.576919587919738,4.561810464358637,7.382450904757832,63,Acc1
1036.7259898393231,423.39352806628494,2.7350480773460375,0.36817329191584297,0.362016470299123,63,Acc2
15.591123174770402,1.2366599443247122,0.040855424957040906,0.04439517248280971,0.09221943178996797,63,Acc3
35.352095644951156,1.559319912649577,3.173123788489776,5.853948090820516,4.155022285112532,64,Fz
22.521342436157333,26.706627148518567,0.7229021662596724,0.11596607756926604,0.05995146232183264,64,Cz
0.3282349907742255,2.9895186009737116,2.308837433497665,0.35828363923106576,0.2908679156471527,64,Pz
36.576365267559126,2.4893673358684527,7.615295151073712,1.1301148639899055,2.8048355572742323,64,Acc1
11.49173719694683,4.806988852568153,0.825490747261831,0.12675802335798614,0.055505792203633164,64,Acc2
11.141610564552622,1.1096193902264775,0.07666635690009806,0.15001994155726328,0.11103694013069194,64,Acc3
36.64539464649181,8.237491636683275,6.293062466889831,3.7579480615344085,3.2433866254316777,65,Fz
29.074675514058782,2.8915241429078744,0.2025426626308941,0.05067419364727182,0.19672758860866654,65,Cz
28.75099364252786,9.39194728643895,4.667571988639156,0.8021112891820109,0.9022273588499544,65,Pz
61.42805487964954,27.542327254678096,7.576919587919737,4.561810464358637,7.382450904757829,65,Acc1
1537.2967033964187,88.66188511736408,1.7071520342209632,0.2877465709162882,0.10962764116517106,65,Acc2
30.265016474857276,8.990316738618189,5.4869699026646375,1.8747293242688572,4.045700669496799,65,Acc3
28.495960106642215,1.087695792677991,2.8438050343462535,5.836407147503639,3.9845446625179646,66,Fz
304.0281808756754,38.442841475909724,1.8616957899247715,0.16528640753240062,0.2502754333073657,66,Cz
98.12982881032976,38.813243639562515,24.104498404917315,4.87152512581351,3.2596720663734344,66,Pz
36.576365267559126,2.4893673358684514,7.615295151073712,1.1301148639899052,2.8048355572742305,66,Acc1
14.772044978522006,2.1288034853609266,0.41234739822940164,0.13917639880835275,0.08866678691341458,66,Acc2
122.64312803251593,32.05170898263811,5.493896596021658,6.347383324655094,6.938821359662361,66,Acc3
3.994697264944385,1.1109667460090928,1.0595639759158275,0.09749500003039328,0.08212752553640053,67,Fz
116.99487391953858,4.330910347701568,0.8636652324053982,0.058285269898040414,0.1741048530466212,67,Cz
28.75099364252787,9.391947286438958,4.667571988639159,0.8021112891820111,0.902227358849955,67,Pz
3.2076771132907465,3.0137491305509756,15.343936812993707,18.99336093291889,7.232527386221965,67,Acc1
868.1657170632949,67.25077827281038,0.5708785222727124,0.11883037862816921,0.42445403263801784,67,Acc2
10.200041014773849,5.491719868887472,2.7756620817722353,3.285188202524596,3.020404805990773,67,Acc3
1.202497326895498,1.3185343226751918,0.3813782486148511,0.09924768673193302,0.07792361602383732,68,Fz
210.1694160613363,12.239738364238521,2.2523727212614864,0.16682957590011613,0.16303690905626397,68,Cz
98.12982881032983,38.81324363956253,24.10449840491733,4.871525125813513,3.2596720663734353,68,Pz
7.125527278429694,1.0486239514810833,0.5942089391820294,0.22178166845179872,0.17384579904964303,68,Acc1
30.752684982351553,0.39810187319230117,0.03779029553373262,0.05325568436332904,0.06598693766699214,68,Acc2
50.48898163956318,3.6549582863990815,4.807830929274115,6.621970880393602,7.066639058933052,68,Acc3
40.8361277639431,2.3902370119416583,0.16259943012919809,0.1812738113677399,0.1253535736926583,69,Fz
152.5837255584558,281.8003117137196,42.02570813306195,19.716912861412744,28.29445112408398,69,Cz
28.75099364252786,9.39194728643895,4.667571988639156,0.8021112891820109,0.9022273588499544,69,Pz
4.202739912647442,4.149562490262446,3.1825428032733334,3.287461212579498,2.8567676816343504,69,Acc1
38.31524956486346,0.6086106098289504,6.600088429198351,3.586722442093308,3.9602042626516556,69,Acc2
10.940928411017827,0.46846196132635615,0.5201068607766434,1.2950711196959606,2.555213617648435,69,Acc3
0.6916005978077099,0.5399476546712562,0.1672499874210881,0.07834861583708042,0.10579038265725,70,Fz
135.76313554758715,13.901102385552543,13.415830705679266,4.089314019131266,3.6107632862645453,70,Cz
103.14051673045658,38.79435274301287,24.108451020799517,4.874902822547854,3.258817329682244,70,Pz
10.578898484048246,2.909459478397192,1.5209669394930136,0.20437822776086922,0.08172365402878193,70,Acc1
80.56948901394769,7.481187329680885,2.051393208296214,5.3595858505984,2.640798051710431,70,Acc2
48.814784520432674,4.4390828093603565,2.994121079378683,9.89178967073417,6.853525230321265,70,Acc3
1.2995819538263689,0.25974217370334085,0.4024356947084103,0.10422422047353323,0.0701493251792347,71,Fz
152.5837255584559,281.8003117137198,42.02570813306198,19.716912861412748,28.29445112408399,71,Cz
3.267015148342899,0.8608267407141156,1.179188973077368,1.9322840132574612,0.323109184527531,71,Pz
75.64670571362765,1.5434065407590836,1.6115006194501227,0.4254133200778469,0.9434350036406984,71,Acc1
17.178409514626107,0.7625324202717079,4.163823536981104,0.7336386402071668,3.121246369087474,71,Acc2
0.7228885493615149,0.16324195472903744,0.766297534689478,0.2917706391409592,0.10032647167464914,71,Acc3
0.4946577263003529,0.8073501866738652,0.5806268246293652,0.15697368791896785,0.05065759424826316,72,Fz
135.7631355475872,13.90110238555255,13.41583070567927,4.089314019131267,3.6107632862645445,72,Cz
9.258667382165097,1.0188616244017108,1.2678508880307082,6.986802600632956,1.3101648998307078,72,Pz
12.755271571542592,0.6175665321470162,0.7690485490889027,0.029994996132129817,0.0240299363629402,72,Acc1
51.91400061189727,6.292712766837455,1.8720940621996642,4.540637823176431,3.00043326994423,72,Acc2
3.640403167463095,5.479041588865473,0.07210791108995813,0.07264223223931991,0.09105861073238136,72,Acc3
32.04803332357698,27.48524098648194,9.903421372760752,4.356987018756863,9.061255439850338,73,Fz
152.5837255584558,281.8003117137196,42.02570813306195,19.716912861412744,28.29445112408398,73,Cz
8.356145494496985,1.9995815885617614,0.8748394743572293,0.39508487168485873,0.38810729725295856,73,Pz
6.051040547480387,2.4363632596837204,1.9936812408966418,0.8564116901338035,1.1952216816294114,73,Acc1
17.310504154280117,1.645566278154473,3.6583995933063376,1.0346833487105418,1.889458499290501,73,Acc2
4.855799196218443,1.702378675267554,0.28570805529533877,0.11747133092871094,0.08050336970319659,73,Acc3
5.008781659249801,0.8925488314329622,12.185271018694847,3.7229315298354013,8.035438328221522,74,Fz
141.27187218762606,13.88597866599882,13.418442861996818,4.086014331036437,3.6105949283674024,74,Cz
19.19498076225947,4.863031491325765,0.9939008039179678,2.2658684671652702,0.3799142493471873,74,Pz
5.310067283832455,15.794753787858587,8.087017092269324,2.3268128980969887,3.0099157460898374,74,Acc1
23.23895500212629,2.9662091225326184,1.351490660564421,3.0857556258826944,2.2548384479604175,74,Acc2
5.256235873867311,1.442576721823676,0.21012152129404513,0.2984118710312032,0.08341143126909312,74,Acc3
11.005149135408026,26.66183113557243,4.093437680969292,2.826632204578772,7.9160164863370825,75,Fz
563.6566752738004,71.00752521629178,10.664327395891458,1.1687206504532397,0.4608512079376458,75,Cz
19.826361946192293,0.8404794799210272,0.5573243706290899,0.2645697892377245,0.23795918416164047,75,Pz
6.051040547480387,2.436363259683722,1.9936812408966431,0.8564116901338039,1.1952216816294121,75,Acc1
3.987963665096594,0.2881359948026694,0.3773939315314262,0.06827051798632264,0.12797608519698514,75,Acc2
13.324179393143165,0.41745474906983365,0.09572931686824009,0.06016787263206618,0.14682867445444248,75,Acc3
5.368248138394489,1.2111920756982144,6.057732426396128,1.170237829952524,6.162077456372483,76,Fz
5.50014840037044,5.673954030210813,0.19601777591832006,0.2646227913460204,0.04469263483023668,76,Cz
2.426027449226428,0.868906441779465,0.31131076084051257,0.07142839005622029,0.7334517323809703,76,Pz
5.31006728383246,15.794753787858598,8.087017092269331,2.3268128980969887,3.0099157460898387,76,Acc1
0.32723195765087787,1.2337223849967363,0.44339033553754187,0.19734277236066658,0.04242221940151071,76,Acc2
5.529735030184282,0.5583710563393787,0.4325674790242046,0.09965775350617641,0.0714075187275225,76,Acc3
9.20079602222773,18.46265079863868,5.830138537969544,1.8851725556582,7.588236228090318,77,Fz
896.2960335370764,88.23171147095236,1.196897674478507,0.364034365449021,0.31315085538281984,77,Cz
14.408465577626112,5.357327159320913,6.153891931668154,1.7653751229930357,3.4186295824184567,77,Pz
6.051040547480387,2.4363632596837204,1.9936812408966418,0.8564116901338035,1.1952216816294114,77,Acc1
6.502970318283505,1.7615205776029554,0.13610715783045144,0.08262762461897959,0.10468790738766698,77,Acc2
303.7165161541109,52.34324699389768,9.163272979520652,2.9836391876405846,7.794659119308834,77,Acc3
2.251004347882636,1.5900057443582691,3.427289658572313,1.365642626877454,4.280590020024977,78,Fz
28.27522025512976,16.344728407945343,0.5663063099128833,0.03294321006211978,0.052294229043430604,78,Cz
16.01191168514632,10.035066080151868,3.2417583871886917,4.591220669871388,6.597947270880788,78,Pz
5.310067283832455,15.794753787858587,8.087017092269324,2.3268128980969887,3.0099157460898374,78,Acc1
6.7925193461824955,1.6237252676942973,0.3111823293989844,0.09825609581076487,0.11009952536027667,78,Acc2
19.637612912274438,13.123810027968148,33.8887621664903,7.2760149447734195,3.2863467934800683,78,Acc3
0.5283927429802502,0.472974603444597,0.3835304047145585,0.07963509995236318,0.08691184896424257,79,Fz
290.9261111313565,66.15263433894481,3.4832862238977866,1.2066989382796312,0.5291664048573493,79,Cz
2.6924715637712158,5.0530781729677905,3.018954622370484,0.3474491914699042,2.2063695059622535,79,Pz
2.1544140429130265,0.5363880895955813,0.23097188102469834,0.12798715962303228,0.13777330100810475,79,Acc1
6.1661459000291785,0.7697336551139135,0.6385815632770566,0.1922116483639943,0.07230212704480599,79,Acc2
303.7165161541111,52.34324699389771,9.163272979520658,2.9836391876405854,7.7946591193088395,79,Acc3
0.8503116321016959,0.6554963074698108,0.1608587878664921,0.13472809919207387,0.10855467900976686,80,Fz
23.303989325109484,8.26014557524112,0.1798119113276056,0.26166561885937617,0.11858188607576306,80,Cz
11.436809095219468,5.286251088633536,5.125898833274173,5.862475843031938,6.278643674527986,80,Pz
146.8175117459879,28.56554685443729,0.5692163537704485,0.25504066545257403,0.2865082741752289,80,Acc1
0.5163975165521704,0.36602399496695687,0.06942830885387258,0.21949711903406843,0.03827531753819726,80,Acc2
19.63761291227447,13.123810027968155,33.88876216649031,7.276014944773422,3.2863467934800696,80,Acc3
3.295685941400847,0.7765426254887521,0.21560971903976744,0.05210597264325787,0.07822534410969265,81,Fz
51.780827604001004,34.56901875453092,1.2119561013445401,17.423615806644047,16.82828752000871,81,Cz
3.5885437921528673,4.868037786700374,2.735314675231843,0.9296876312308898,2.261266863691495,81,Pz
18.306876931503595,2.550848183206156,0.12660148397402088,0.35509127050574013,0.13872372340852032,81,Acc1
44.7369099357947,8.513027315324004,2.5529277312388228,0.3625333855703948,1.392040208235049,81,Acc2
303.7165161541109,52.34324699389768,9.163272979520652,2.9836391876405846,7.794659119308834,81,Acc3
2.0926220591693325,0.49466455957143807,0.2958833807502241,0.011500003281293246,0.10379766801030019,82,Fz
3.3648141921755665,12.389946975102376,15.188288113763047,5.682280082539023,3.055552854337146,82,Cz
12.269620560200327,3.8010945209001563,6.264610560712941,5.163587578800257,5.806728614151559,82,Pz
157.45059902258745,28.299746640274506,0.7075672827292967,0.1456693575539756,0.23844134885870366,82,Acc1
75.92709953355201,6.38469387007305,1.7618828174962544,6.951148447466209,7.575690954296621,82,Acc2
19.637612912274438,13.123810027968148,33.8887621664903,7.2760149447734195,3.2863467934800683,82,Acc3
0.8079140026418704,0.34419561120148034,0.42154494628226785,0.02260610882438414,0.0373783424208628,83,Fz
51.78082760400101,34.56901875453095,1.2119561013445412,17.423615806644055,16.828287520008722,83,Cz
2.8761839936916798,3.5902395454714466,0.16039094980519167,0.11107548997363642,0.06822547504596868,83,Pz
3.1821912335273765,1.252295974414875,0.5001373544186881,0.09948693336594061,0.08165391732081832,83,Acc1
44.73690993579472,8.513027315324004,2.5529277312388237,0.3625333855703949,1.3920402082350494,83,Acc2
13.66663422663721,5.89396563523725,0.8323770038043727,0.2659130459722535,0.12984179253035782,83,Acc3
2.383048089060683,0.2897281481750287,0.28370151131058685,0.16183151029387063,0.09480895605244485,84,Fz
3.3648141921755657,12.389946975102381,15.18828811376306,5.682280082539024,3.0555528543371473,84,Cz
1.7931497953423756,0.9722468951891511,0.09962450318485568,0.05746451432008955,0.03504554188564677,84,Pz
141.83718310730993,9.788466363809183,0.2198160234442521,0.07084895070927716,0.24959523805273348,84,Acc1
75.92709953355205,6.384693870073054,1.761882817496255,6.951148447466211,7.575690954296624,84,Acc2
3.910668575844741,1.167865719863428,0.34876770538664986,0.2709009092906252,0.1294124829922046,84,Acc3
5.670155006247919,6.424885300694988,0.6162971814606317,10.972301109590033,8.808865908993347,85,Fz
51.780827604001004,34.56901875453092,1.2119561013445401,17.423615806644047,16.82828752000871,85,Cz
3.001059122721519,2.4170431874585607,0.18544146013793203,0.059543998453877416,0.08902970637568201,85,Pz
85.60605022406186,12.070286275265515,7.588595750305002,8.160486810101693,4.876401196102838,85,Acc1
44.7369099357947,8.513027315324004,2.5529277312388228,0.3625333855703948,1.392040208235049,85,Acc2
3.2356349847969437,1.8716777754924785,1.6049214232938909,0.1737410232479506,0.16320387708942405,85,Acc3
10.468871713767934,10.22912852997917,8.761496534685488,4.348901454368597,2.3422160979981914,86,Fz
3.791641245608117,12.383583486665273,15.204141736733021,5.687349014363374,3.0591475457450747,86,Cz
5.962059539620863,0.1480632151623216,0.13328894581423817,0.1313538789777524,0.047129935674084765,86,Pz
309.37427652095914,34.44972724604673,3.6353603171161333,3.318235069549407,8.411782968876224,86,Acc1
75.92709953355201,6.38469387007305,1.7618828174962544,6.951148447466209,7.575690954296621,86,Acc2
9.290754003075046,0.20909785932616978,0.20304718605743827,0.10945306700770308,0.1152798401895427,86,Acc3
5.058146311337319,2.7520792482425613,0.5427752179116416,4.777457627340039,6.720907101502685,87,Fz
389.1182235959989,19.613191392152448,1.3971066554741616,0.5753348884691724,0.1698765939690086,87,Cz
0.5387661729072593,0.4178167499633787,0.20778376074240215,0.03823109963441787,0.06864634184083303,87,Pz
85.6060502240619,12.070286275265524,7.588595750305006,8.160486810101695,4.876401196102839,87,Acc1
2.337449243655139,0.6152334442473468,0.400437902180498,0.12467767831501848,0.06641165029996138,87,Acc2
3.1287185012095593,3.1368823408241338,1.3808674320128838,0.092206131634202,0.07241432620523731,87,Acc3
22.613124466243047,3.9883007577109164,4.872860715575678,2.355133004078515,2.980856234373136,88,Fz
8.96328989875233,0.4699840481092863,0.20400000064003249,0.3337858989390601,0.11524734078200687,88,Cz
0.36983504390233723,0.30316820673108363,0.2101095237623572,0.07249860906252144,0.08514015700545854,88,Pz
309.3742765209593,34.44972724604674,3.6353603171161337,3.3182350695494094,8.411782968876228,88,Acc1
0.16956468901193766,1.902379190986603,0.22643305700882288,0.07364412162417189,0.09019385418739392,88,Acc2
13.965888484812337,1.1675645414071683,0.19903586309252747,0.12155604636508822,0.043199564297680584,88,Acc3
5.126446071462099,1.148641104684281,1.31342721421369,3.3576219356077908,5.540774889688145,89,Fz
522.4320366808746,38.202531995924296,3.4210771745449287,0.7626012474579565,0.16055668119105082,89,Cz
63.733703525739735,7.846521606865223,5.376269192380692,1.5746168574758304,3.8346217538501874,89,Pz
85.60605022406186,12.070286275265515,7.588595750305002,8.160486810101693,4.876401196102838,89,Acc1
8.276634411489423,1.0337303753930012,0.6420865548703447,0.030649880761772077,0.054232765785876366,89,Acc2
10.201952772445956,19.025860731935367,19.941640293063806,3.850763437679762,19.54818365982099,89,Acc3
19.00665325066569,2.9347821734899107,4.474578303621044,2.5348323140721196,1.9811682068815084,90,Fz
55.62696871366689,3.842132853040864,0.27323668275662805,0.32370847380496637,0.06243914269365549,90,Cz
78.30698951414445,15.185182526984555,7.373719597581756,6.382620181971503,1.5057044438861074,90,Pz
309.37427652095914,34.44972724604673,3.6353603171161333,3.318235069549407,8.411782968876224,90,Acc1
13.239775138428497,0.40900481811692974,0.1663815834630719,0.0533239911124028,0.06846228275042913,90,Acc2
21.886423567637763,9.35623675377595,9.015355045391178,4.17741889931546,6.43463771313191,90,Acc3
0.4107349734090584,0.09391056715841713,0.04609550916238166,0.08736729091761695,0.10610467918390556,91,Fz
681.7775547527629,24.702775846165448,1.0322860299279824,0.40316921575397857,0.3582455972511558,91,Cz
18.173688385645953,2.015807130048333,8.270085874555933,2.2356864878035356,2.7260312547021703,91,Pz
120.6007862746515,9.326496395340081,0.2435395263833194,0.6343880490040917,0.1150066880895095,91,Acc1
0.25587372955129994,0.42437864513336193,0.22618110571200525,0.15595605693074507,0.07486026491257916,91,Acc2
10.20195277244599,19.02586073193537,19.941640293063806,3.8507634376797646,19.548183659820992,91,Acc3
1.0379047941023394,0.34603178485530406,0.38036041801477605,0.030152992986583957,0.03343028872362864,92,Fz
273.1892947693684,1.7497808921298288,0.5222220075738452,0.6303451146710682,0.3950771752683796,92,Cz
36.318850370494545,12.566638421032943,6.406528018571064,6.4472882428491864,1.34034101549753,92,Pz
231.05518816483564,43.01210305397367,2.2903135036178477,0.3584682208041859,0.20038884900269444,92,Acc1
3.2917303960648203,1.8771603075019847,0.6258724663651697,0.10100323893858947,0.1482560813175887,92,Acc2
21.886423567637777,9.356236753775953,9.015355045391184,4.1774188993154615,6.434637713131913,92,Acc3
0.5432249621076788,0.27258269618589015,0.019629110695809696,0.02102690000739242,0.0527349143309351,93,Fz
30.24004199184725,17.944278481200623,7.49308179210694,3.157181336986058,2.522851555085756,93,Cz
37.10183759097544,1.2117848524694155,3.273782785777705,1.2202338206199765,2.840657583641303,93,Pz
7.297763844016965,2.9145459547899986,0.055779918726933,0.040209511576316824,0.05972468483680404,93,Acc1
132.31938838939274,41.04056518470584,3.180327107674394,16.77537470088245,6.041539697124298,93,Acc2
10.201952772445956,19.025860731935367,19.941640293063806,3.850763437679762,19.54818365982099,93,Acc3
1.952064220254352,0.6835884866548013,0.3347825840071791,0.06806067188196456,0.0443303213624099,94,Fz
78.96921562287011,7.077956985225748,1.3706461184375662,6.2969776821727095,1.1362719965207542,94,Cz
15.836370400496563,2.9490842731141114,3.117200167596529,6.232832823413716,1.022652749176792,94,Pz
424.85715837784886,58.86466598614192,1.5552068066573892,1.5232869521895926,0.16214555432719466,94,Acc1
38.28670857187934,3.4396347090623514,4.51298881715573,1.9727986654492815,2.0180749187993827,94,Acc2
21.886423567637763,9.35623675377595,9.015355045391178,4.17741889931546,6.43463771313191,94,Acc3
0.1602363770302598,0.20846323514018938,0.3613572897012574,0.1074371522286499,0.061432704801924184,95,Fz
30.240041991847253,17.94427848120063,7.493081792106942,3.15718133698606,2.522851555085757,95,Cz
0.01816036279609986,0.337246653647808,0.22321612067365643,0.08731016117579343,0.0974225925229567,95,Pz
12.3919263537878,5.205647540458101,1.2826192084401142,0.17316610915233302,0.4512231499028564,95,Acc1
132.31938838939283,41.04056518470587,3.1803271076743953,16.77537470088246,6.0415396971243,95,Acc2
1.4466800322716813,0.4641713410025057,1.0354567352325939,0.12340312460818757,0.10278039379839894,95,Acc3
0.0999574265937865,0.07469766464531612,0.36515905307273233,0.1048221180976865,0.08477501506682986,96,Fz
78.96921562287011,7.077956985225749,1.3706461184375685,6.296977682172712,1.1362719965207546,96,Cz
0.28576455518590915,0.33302245172671924,0.16946927615902246,0.029819972318537325,0.05551975981128807,96,Pz
478.5705876853786,6.092743255819315,0.5595936247669561,0.41526274147185854,0.7905489506570585,96,Acc1
38.286708571879345,3.4396347090623522,4.512988817155731,1.9727986654492817,2.0180749187993836,96,Acc2
41.458480388448706,7.672267709306486,4.563213597975628,1.137436576152098,0.7681490081359514,96,Acc3
43.3036462251046,6.859560785010654,9.44759656106111,2.985527513714937,5.548535168026318,97,Fz
30.24004199184725,17.944278481200623,7.49308179210694,3.157181336986058,2.522851555085756,97,Cz
3.52411647032748,0.6276720974344328,0.09212675431390091,0.011490406116056518,0.1149229436586933,97,Pz
180.8327456652298,44.60727634435562,1.3603727462570518,9.57963669761936,3.7547398269858094,97,Acc1
132.31938838939274,41.04056518470584,3.180327107674394,16.77537470088245,6.041539697124298,97,Acc2
1.7610782527098645,1.2840187303205175,0.17925190110149508,0.1045149032140996,0.06785417386332145,97,Acc3
64.45072594647407,6.343654075707708,15.77444795446957,18.656003938011292,6.9742852824278,98,Fz
77.18811553062864,7.0874929145041206,1.372078631902458,6.295236710329878,1.1356756286151648,98,Cz
1.3061198047362985,2.5018797430158375,0.19554499294355449,0.07878044045269858,0.08491944712503392,98,Pz
130.2940046036974,8.505322504840581,3.953487496027793,15.111927278763389,7.005097197110973,98,Acc1
38.28670857187934,3.4396347090623514,4.51298881715573,1.9727986654492815,2.0180749187993827,98,Acc2
82.47405189104781,20.436591000614996,4.004165196313212,2.372759471105525,0.11740220219775513,98,Acc3
43.303646225104615,6.859560785010654,9.447596561061115,2.9855275137149384,5.54853516802632,99,Fz
365.5210940970714,98.34810498375707,1.6666862006661614,0.33348113729845696,0.15619833837653258,99,Cz
1.168178706299614,0.543406215457955,0.37876608141336315,0.01502867877333062,0.05386878848682417,99,Pz
13.150023139071191,16.137353184518624,1.3421468483704957,9.611312090619581,3.1791072754978513,99,Acc1
84.26140740688155,20.41413968854014,0.8126449808188914,0.24247326675800193,0.03637831943643239,99,Acc2
6.7194501533227555,0.5261358651482242,0.28913089276494625,0.14653059612875555,0.09120046177233877,99,Acc3
64.45072594647411,6.343654075707705,15.77444795446957,18.656003938011303,6.974285282427803,100,Fz
265.04354766971767,35.38635077323672,7.603985234520671,1.4304771036160464,0.13691651088270307,100,Cz
0.3716396239323242,0.9878300027025643,0.5776232834198167,0.07607490048592404,0.15307716867080293,100,Pz
19.28597944939096,14.76782288436636,1.4664985224279081,14.847475875388582,5.117855275986906,100,Acc1
48.079907968014794,21.808094017815176,0.5931484596308167,0.12240092937181955,0.25849506258341504,100,Acc2
227.51050235813952,1.9201705602084544,2.299395164236924,0.37793515259215504,0.4159140670091051,100,Acc3
43.3036462251046,6.859560785010654,9.44759656106111,2.985527513714937,5.548535168026318,101,Fz
151.65840735764,2.985904507025196,0.2678116156331079,0.05052773754040948,0.07885377516206866,101,Cz
12.471570719458722,5.258249484704105,0.5325826667882007,1.5758406646950263,6.372079461877364,101,Pz
8.31271185589355,11.39154400247079,1.6074652975983341,10.971013468401054,3.572717857760098,101,Acc1
5.162761669757048,3.751832587113429,0.5916497311588242,0.17702311256220513,0.0670962813983751,101,Acc2
16.20169234151531,3.5199287906517873,2.124018985321021,5.020707016330933,2.6481546431200225,101,Acc3
67.29224195560283,6.331889743075202,15.763273090692474,18.651915101878938,6.977768095073505,102,Fz
149.11526932305452,35.55603415758452,1.5430393574720551,1.7046569640907119,0.4333955765033101,102,Cz
29.45250609313866,29.47973136094525,3.2110156691221783,0.9146304603941925,1.8983065382094941,102,Pz
23.237611558741772,17.26291862751654,1.2631957986376012,14.880379187745447,4.886433634372777,102,Acc1
26.574196485000765,9.190938987411096,0.3710382462577326,0.4060781037394306,0.067912959612922,102,Acc2
23.445420752453494,4.633645464606132,2.858360757331772,2.148529224705681,3.768720484792742,102,Acc3
0.6762594943684928,1.5098135998169875,0.19075234986727582,0.16204944287902892,0.07597527591097647,103,Fz
152.53604955827404,15.809122034331205,0.35945376607763574,0.06443134347229074,0.09877120494115145,103,Cz
8.867172836959627,8.03974659034589,0.600021566504161,1.1676330876184593,5.277019412831135,103,Pz
67.87785334147632,11.073237635835484,1.779084957469222,0.1424127469191558,0.0702236228706282,103,Acc1
71.47843187736821,3.3137627062576307,1.4489999938102236,0.1267545633418066,0.32241477239190247,103,Acc2
13.846947097982108,5.8187735969237435,2.524566785097391,4.007301143067115,0.9042419344059655,103,Acc3
7.333518037307868,0.34658010880323326,0.31243010933420223,0.22254055030771766,0.05382482188387853,104,Fz
1026.4316987452776,21.505745024052867,1.2518744129609884,0.4443513218683683,0.27947327401573263,104,Cz
11.357563693112379,17.532955855275624,5.807423014935781,2.364676777785814,1.8787529013811912,104,Pz
48.175165839206436,7.680869740834216,0.3722837987640727,0.15367361988779374,0.257366587727238,104,Acc1
300.3677909755033,10.689894670721424,1.6500273373049836,0.34111880017222873,0.1564300117164988,104,Acc2
5.344489092034687,8.21866234632286,1.8329017948849138,1.0011715958237073,2.3879778803431013,104,Acc3
1.950298558488635,0.05007273318648566,0.04473791700579198,0.02330367119520374,0.08959537823746053,105,Fz
61.42875078506679,7.940137352617075,3.4901180464847554,6.809683184404752,6.200677688379882,105,Cz
2.357020378226869,3.4029935230390085,0.49894362574125317,1.0090170372765206,5.824857232463101,105,Pz
180.6499094717171,2.925936263211874,0.39529416733598854,0.10532380367156234,0.11402731960930923,105,Acc1
625.0275204294054,157.32611507962244,15.23624302384196,30.62996869040566,4.537000636234704,105,Acc2
17.22443318891797,7.068215953014215,2.6731297590300245,4.077892334321788,0.8713899452887592,105,Acc3
52.06774274835074,8.117874523369554,0.7612105954070232,0.14233477303618608,0.23633479783817565,106,Fz
114.2001140298153,17.07725587679937,5.954126941218446,2.726936873617927,6.283338846855901,106,Cz
4.225239443939263,9.80484836007941,5.748398291444791,1.6415386768111606,1.3736414180289942,106,Pz
81.80646854264819,1.2677316392954046,0.26391441080607525,0.3079760523831729,0.08651262327112445,106,Acc1
111.78414608165916,24.976762707760276,7.409754935986501,8.170041197480971,2.4962308313815926,106,Acc2
8.320033281764568,9.653675472368041,1.7727564442790051,1.3541496000871678,2.3479282385908316,106,Acc3
22.719606516824516,2.1889653098375192,0.21326922587381741,0.02837725598408182,0.2006444041190949,107,Fz
28.398771987725453,2.4790224161946686,1.7482601772213457,4.614836104624166,1.4846431781733644,107,Cz
0.12283952494891569,0.038299690773175514,0.2550912803341638,0.19817262625882462,0.10394862758212761,107,Pz
163.93100721667201,0.7433955846125834,0.43794669946729153,0.059480103265282885,0.056888282356149164,107,Acc1
60.02214882230226,50.03261459067233,10.052538437977631,26.293933073151084,4.027964588884954,107,Acc2
0.8396265170479957,1.250786974285725,0.4633129928166163,0.010426099678644366,0.04477950895584667,107,Acc3
14.163384213242573,6.189764828816965,1.1985476555598085,0.1724450576394174,0.13569282109810915,108,Fz
19.683011433369725,16.91357734507505,2.3694419362211963,1.6565760738457957,1.987454474616132,108,Cz
0.6821912865213117,0.23842735178683241,0.07763354612448284,0.05873295172888907,0.07115715831082252,108,Pz
215.2789489406053,2.4324576038728707,0.664086887000122,0.09095779548150436,0.18669053331430746,108,Acc1
5.265916749003612,3.0498808301293683,4.333822411612551,9.491484000536559,1.6022977112890815,108,Acc2
0.4390716267317436,0.3948068013926855,0.24541372881001258,0.18248842538204987,0.04110893403410361,108,Acc3
6.631892500424564,18.405095424417507,10.197834954549545,5.237749497216908,7.709723281581802,109,Fz
18.085593834457764,2.3919352486114307,2.7959267757719095,3.9783460979154253,0.8476735840680748,109,Cz
4.355637668451148,0.7608416527395659,0.2107846692141012,0.022965550228442152,0.0918293931300619,109,Pz
5.2689519280240615,4.777730550580716,3.4290410270275933,7.303118956122485,1.905626527408203,109,Acc1
17.298934647188943,35.04101117241496,9.357938649583392,25.283391549794008,4.0724706080344255,109,Acc2
0.2423551957871906,0.04521731261135431,0.056187175951245984,0.028019848544364307,0.10357772856684525,109,Acc3
129.45253452995578,14.034771603735336,5.86229397251958,2.834953132200878,7.131645781030895,110,Fz
29.907045415736494,14.452446868372695,3.2133004070810465,1.4837008229070674,2.1912871808650225,110,Cz
2.4950056029488636,0.14459368935932856,0.05609190998083711,0.08961187342740236,0.0690374372906318,110,Pz
60.68969865120409,24.42635344094157,10.045126557231704,3.290405174307472,4.611079038339909,110,Acc1
3.178134331195467,1.8961409065871362,3.795554042727712,10.049667055005562,1.4804329425137837,110,Acc2
1.2514162749065159,1.5369734636137495,0.29560791616788407,0.01853558433250035,0.09188820781720362,110,Acc3
2.8774049350552184,13.686955431886938,3.3182979369442775,6.665558553114981,5.850359946786407,111,Fz
44.72565935183949,4.242541419323773,0.324686580329866,0.110702970187517,0.047633697534438635,111,Cz
0.4223794994140643,0.1561591386235223,0.6079886755234731,0.16143314958326146,0.10733695626621449,111,Pz
5.268951928024066,4.777730550580718,3.4290410270275955,7.303118956122486,1.9056265274082036,111,Acc1
8.903203677274423,15.611499925594066,0.5333328248508106,0.1149797060586606,0.039422939597344324,111,Acc2
0.5808492212054309,0.3599879626825371,0.17773163959401725,0.14275668639244304,0.09959615935052565,111,Acc3
20.062687550742,6.714661513460136,3.8161951869213326,2.933921477925123,6.276891321317741,112,Fz
6.5980915613766555,0.23268363187333338,1.1159292967846366,0.1764658738290101,0.07508621410324474,112,Cz
0.3905329444314096,0.501387376984555,0.20929087930456275,0.03960205871274936,0.13114354596231634,112,Pz
60.68969865120411,24.42635344094158,10.045126557231708,3.290405174307473,4.611079038339909,112,Acc1
11.83465313834186,0.3338946612372035,0.37274067432082,0.08065899163063504,0.09166932574155873,112,Acc2
0.23241802612756457,0.7212487011386615,0.15895227718638388,0.17262669351411186,0.12817651870609204,112,Acc3
2.2841726702094522,7.626364721489718,2.8627560582971006,6.654794823619416,4.286780568556398,113,Fz
12.067625864174587,0.529163597496345,0.07043986796995116,0.21664137884125664,0.09317261266664391,113,Cz
1.9125793508636268,2.7855988786779764,5.017907252133571,4.377461282436818,2.329160086716013,113,Pz
5.2689519280240615,4.777730550580716,3.4290410270275933,7.303118956122485,1.905626527408203,113,Acc1
36.43653731559303,2.851468449934442,0.2323115420241213,0.12240696958259824,0.032997862898082694,113,Acc2
19.63039970036141,5.818168310232822,3.1558508868806,8.170429493143367,4.491109320625045,113,Acc3
49.320687272542905,1.8985091129751315,2.644439913919965,2.2621514936849363,4.870911405692773,114,Fz
1.3633550449488543,4.035838098471949,0.28493675191912576,0.11398703414492202,0.07403923938188117,114,Cz
10.628391829218678,37.76445110504977,3.60151102523499,4.046625277702982,1.0518164655198,114,Pz
60.68969865120409,24.42635344094157,10.045126557231704,3.290405174307472,4.611079038339909,114,Acc1
26.553054300785078,1.1788608323546539,0.5322966099371029,0.030075195356200027,0.0322505049628611,114,Acc2
4.521600588221476,19.00750635434405,11.204200279235518,10.819510583283689,12.55831907055291,114,Acc3
1.9325865660991801,0.7091184704706093,0.3704307016720775,0.09247307783713293,0.04826618748506544,115,Fz
52.34258877498668,2.417905112387095,0.17756366145883226,0.09700821244519131,0.0487855368779982,115,Cz
6.873731795693874,6.295673470128812,5.612039833095619,1.4739972462184154,1.084978305251937,115,Pz
36.4861130823817,4.0669542181183145,1.014904065317063,0.9498510688676359,0.35152674401267303,115,Acc1
11.24062589732563,4.701653856814612,0.49512978381347894,0.09418709377279015,0.09353504734373762,115,Acc2
2.522374312232173,10.04934887640279,4.1862599159604645,7.142836247215791,4.001259000903226,115,Acc3
0.6504356164571474,1.2911950731311936,0.5950502980539284,0.037520908873373594,0.06787021085961006,116,Fz
14.18052084731977,1.2709023798186305,0.21863985873776434,0.1430601983588044,0.10740277574828976,116,Cz
11.981023934551427,33.93836286703206,2.3199153181763235,1.7380434647906338,1.0227819066755905,116,Pz
20.27100879849668,22.634979761326434,1.7666169037795298,0.2192739391242968,0.08864995839264087,116,Acc1
72.06160639270789,1.846190453847526,0.30841694446981516,0.03304526767741681,0.08806871805598245,116,Acc2
3.4409133257351114,2.7593153571713955,6.768397944058458,10.094083453825217,9.823823930534086,116,Acc3
3.59456532264303,1.3182560548494082,0.13485544152003495,0.17821524013738532,0.10841934465761169,117,Fz
460.52984922760317,45.18016022406521,2.017805835026395,1.9777700842901693,3.8915327029579316,117,Cz
9.428673881877028,12.337270288028586,2.2552982688599745,1.229533087896043,0.7920400447940721,117,Pz
74.96029318557451,5.820565797900842,0.456225967682274,0.7158860692405882,0.08034620613756462,117,Acc1
1.5058708874364262,37.155650977096975,10.926158465105136,25.56449305482036,19.780020017197117,117,Acc2
4.61426531101017,9.413180254724496,2.6761306504417646,3.8419175235006517,3.33756498980489,117,Acc3
11.356567149735962,2.5468433488402136,0.2717771608254296,0.16545381023682662,0.04375044501844817,118,Fz
186.47722660156305,21.818075065658338,8.771784587679141,5.1736560646782115,7.012240738053509,118,Cz
6.213193948150195,15.43380014214558,2.4791801681326797,0.6227210340250179,1.2829730439859597,118,Pz
7.886005358554356,2.6214253352886385,0.2861033805669889,0.11318551225893987,0.04494213606148916,118,Acc1
38.44066120693772,33.920272973020374,22.930881872939082,4.391444620632004,9.186252750739703,118,Acc2
5.900071340851241,2.201467923209882,4.096917512585077,7.668459956632378,7.475805525476593,118,Acc3
6.906468416057166,2.3748306033257394,0.41851567322954486,0.05727860323257678,0.19414808596615313,119,Fz
67.03133873781417,6.366583931722445,1.3181980746203696,1.5941466463373957,3.0289317416703154,119,Cz
0.4244815742244226,0.19964581286737135,0.07745753066899579,0.07790197325761665,0.024418826244002247,119,Pz
94.06196171254432,1.5054249131318225,0.21639557439259344,2.09847753151043,0.3200497936576977,119,Acc1
1.5058708874364268,37.15565097709699,10.926158465105141,25.564493054820375,19.780020017197124,119,Acc2
0.9126500138502771,0.04425986029342747,0.41145824392469843,0.049989754305679125,0.05816079253337013,119,Acc3
8.063071236838589,0.8860270842595033,0.2563486769945532,0.03179857177964245,0.1508886275174784,120,Fz
25.59350959295612,6.6862943746256205,9.70936418290908,4.786849274233382,5.434114540633323,120,Cz
0.23139860739234663,0.2365730180217621,0.520799652995109,0.012432269270461043,0.0874112283593276,120,Pz
90.86056776932084,12.145737645976604,0.08012061929069372,0.09124308474332314,0.1580747327269744,120,Acc1
38.44066120693773,33.920272973020396,22.930881872939093,4.391444620632005,9.186252750739708,120,Acc2
1.1274520193373836,0.711550083697869,0.2670172629714195,0.09372224054940925,0.0716152034085572,120,Acc3
191.37636165508766,19.725900517367904,6.421745438426969,4.560785248110056,2.684267768751793,121,Fz
40.48092654874904,3.9259950091718316,1.4722390493587,1.5596886719181615,2.9607224411350015,121,Cz
0.6860884139306473,0.5377210450456288,0.08441834147387346,0.15890735043691012,0.09347942003942132,121,Pz
67.28420042595653,1.8476235380691477,1.931346733637111,4.023654331078508,6.212092542984872,121,Acc1
1.5058708874364262,37.155650977096975,10.926158465105136,25.56449305482036,19.780020017197117,121,Acc2
1.2833462791464851,0.2962667234224807,0.11742115616501828,0.095923927075457,0.05143523450057669,121,Acc3
32.72555792727544,13.477125137305501,4.5151087500191505,4.037547359712829,3.498895708072131,122,Fz
10.785745466849349,4.858324154218711,10.385966106020634,4.784720947793271,5.2876581612471,122,Cz
1.1736179462748744,0.22349465532794333,0.03604055543039276,0.07550923150481188,0.04058044057598008,122,Pz
7.944031032146752,0.5885109039351396,3.3467773774683875,1.1600288222083057,0.8120797767298488,122,Acc1
38.44066120693772,33.920272973020374,22.930881872939082,4.391444620632004,9.186252750739703,122,Acc2
1.3549103945442393,1.1119717435861338,0.16562705993849436,0.06122547274331633,0.05123947988515478,122,Acc3
37.71182069075985,10.060400517706386,3.5760122097697034,3.902270061684204,2.01635951108933,123,Fz
19.66072194663015,7.385484497370219,0.8705810023553846,0.2609624074161183,0.17418082189646206,123,Cz
0.2748033316309155,0.13966204166980725,0.07869494131986461,0.07266250063903053,0.08046288320355911,123,Pz
33.92558000529633,1.990281522985967,1.0674254265557483,1.7397322273939186,2.3806875184950114,123,Acc1
1.1602847265829086,0.27277423085214375,0.12509019810214211,0.015198860747619154,0.07317208021604833,123,Acc2
7.251531930819147,0.9632834181651259,0.26355475814911583,0.3164054970335905,0.2034890527621608,123,Acc3
1.0937684831948036,8.976737424227368,4.7816498739892355,3.4480879475942863,1.9089449705012869,124,Fz
3.7993533107252833,1.1880738916602347,0.41929727597056854,0.04161607989415105,0.04541051901127872,124,Cz
0.8964151825249884,0.3212149394800302,0.4689084257464603,0.06737502123345725,0.10560540520716746,124,Pz
4.337681671457072,1.461719515934217,5.409588891956297,3.7193522576355202,1.5056575007612683,124,Acc1
1.0932706656257678,0.7446260159810496,0.3309944116170275,0.2965711358572923,0.0927083627416356,124,Acc2
8.12102151123764,0.8956132148087314,0.20427798338555775,0.1281002464784645,0.05333410699965866,124,Acc3
50.25211848890648,6.202514251579825,4.249884602462607,3.7519338798160677,1.8633066000903624,125,Fz
26.656507126040047,18.39724233048172,0.19309944997386513,0.36319005955138034,0.11604359836528358,125,Cz
5.3634469174665504,18.479569145663323,3.3737491148711998,4.961147824584354,2.509525363011204,125,Pz
43.330292696148845,2.1925697260046824,2.952933510243192,2.0641887941370793,2.270833035217213,125,Acc1
1.214365289660682,0.5821633514243465,0.17304750497312824,0.017523229507721307,0.07874616011144106,125,Acc2
127.52553558364374,53.4067225108447,2.660288048610365,9.244768971420429,2.644078514233231,125,Acc3
4.103447879132398,7.392881837608436,3.2316398089131924,1.8530556865109025,1.6810555032373649,126,Fz
2.1610756489015817,4.073612555740666,0.26481926606117123,0.05788022426101034,0.0636765189613602,126,Cz
84.69084979481629,5.523514598718347,1.6140025527968251,0.8929730755549546,3.7537727091318667,126,Pz
5.9778724593420325,1.0505187373453013,2.5909760716355033,2.317043181437295,1.4542461763708185,126,Acc1
8.602062165788743,3.1293783042447765,0.2671112859101089,0.245733623252254,0.31023820194590634,126,Acc2
131.38148864152015,14.388333575326518,7.886197027596673,6.818871326670929,7.097352864186109,126,Acc3
1.1192347775444704,0.5422582880688531,0.32749654994009736,0.04633020513137264,0.09833266550628154,127,Fz
101.81430996164767,10.993006964869258,0.3190608229482512,0.29915074264465885,0.09553969942199131,127,Cz
6.058414257455554,13.295924006846557,1.1328406504553306,0.5558277326003954,0.5841040354624593,127,Pz
4.259321160857478,0.8850461596538324,0.19474935738232496,0.21524606626634316,0.14126505018122432,127,Acc1
10.71991026801739,3.1382631380597394,0.6812717927437938,0.05823881228833786,0.1393953044821652,127,Acc2
24.69866951741995,24.92861575010934,3.812120045781364,6.858367152806221,2.301171884276977,127,Acc3
0.7359032289582859,0.8646553548643389,0.1309636265017479,0.18718515903950575,0.09133228735122007,128,Fz
12.485820954846709,3.6511688356433005,0.24582527970539977,0.24341967748735163,0.13342280699319037,128,Cz
53.98095761918258,2.664970627431336,0.9153310492843139,1.49054582056086,1.9782967870608275,128,Pz
0.64693785405339,0.4122932521901701,0.33803691328121177,0.05852562094463317,0.06349855893472375,128,Acc1
11.330423419885713,3.576414927599039,0.22114185747602785,0.41388210608108356,0.32378081950050464,128,Acc2
70.7119651842494,6.343486380966508,7.000737305307631,4.725850637477996,3.99183904913558,128,Acc3
5.299284275941967,1.7773890415504887,0.16137828748399566,0.021721883023542415,0.0400263215771738,129,Fz
100.62942519545652,35.6611806313625,10.971361286808236,8.505326987117044,7.920449110744269,129,Cz
3.2513446115099294,16.163060734432133,0.7055495236170547,0.35153043638837694,0.5259977620321811,129,Pz
1.4363104561564315,2.3622964699698934,0.44708662896688767,0.08240605950698766,0.11540115785421008,129,Acc1
53.36859965668168,15.174272403228713,8.407224707070485,6.287636668316368,3.3106991851924428,129,Acc2
18.86149232968235,21.529477716352783,3.5644851839203326,5.862600223099431,1.8656218908221471,129,Acc3
0.8688145464464395,0.06881407105847316,0.26552948889057265,0.05462562122354477,0.08038454957403647,130,Fz
65.08326417914725,14.546987989968232,5.2087849061312035,4.086755258236631,3.9494050616937466,130,Cz
17.492216787344596,0.9923996672325304,0.4440184286014546,1.358961686304773,2.182558465891397,130,Pz
1.6182533598640276,1.2757575066925806,0.23511684638738126,0.06703747886589158,0.08278750995161308,130,Acc1
5.368060503855121,1.745302324098577,6.231891670069056,8.10082022328383,7.142463559944856,130,Acc2
56.41630242524495,4.066741482391884,5.21701536448965,4.178519117121,2.5675112727001568,130,Acc3
2.6137247893707354,0.6265578316573744,0.2533332952961843,0.1240167626532816,0.043340717074984283,131,Fz
100.62942519545658,35.661180631362505,10.971361286808241,8.505326987117046,7.920449110744272,131,Cz
0.33188579779175154,1.4343576869437598,0.2359653392642803,0.13407220161974095,0.06288219189804542,131,Pz
7.780381797683022,0.06244419143041593,0.8201924606814155,0.046349523512644764,0.194946769630567,131,Acc1
16.49703358996755,5.167812956373351,6.810548103648811,8.055541754177765,2.306616656251404,131,Acc2
6.467721321985244,2.319018392653392,0.6203536557687717,0.11678415979876322,0.054018225983716195,131,Acc3
2.6357483458537634,0.12221192627566098,0.06181598103082693,0.10297550788004961,0.08174062472455688,132,Fz
65.08326417914729,14.546987989968237,5.208784906131205,4.086755258236635,3.9494050616937484,132,Cz
0.9327737432221463,0.15977314221477254,0.06966363750070413,0.09071975128074787,0.013241389952427348,132,Pz
1.1827826731323983,0.38274793829395776,0.5808599561032991,0.08297246194838868,0.06790948030268282,132,Acc1
6.757714934343821,1.251703045807953,5.3921745213261705,5.062171599391916,4.73742707460963,132,Acc2
1.0627172251316872,2.1804438357797795,0.2929657812134695,0.22021790665894528,0.12431536473214236,132,Acc3
6.909998445172907,2.191302525844159,5.114653033737805,8.006136734256028,8.53065982595749,133,Fz
100.62942519545652,35.6611806313625,10.971361286808236,8.505326987117044,7.920449110744269,133,Cz
0.22365887501847578,0.3915211630772914,0.08323207848508947,0.0297356565372629,0.07085814400084696,133,Pz
10.020630919417004,8.167085024089603,10.124060870482989,9.223546735524094,4.45219133254151,133,Acc1
12.937260766785904,4.1365422332403075,6.505599286180048,5.811597712506607,2.0021791061845216,133,Acc2
0.4786993310328628,0.1445286409724865,0.04178181075286447,0.10417732685921614,0.07803092638264321,133,Acc3
119.2062355460074,47.99911154274658,10.97991235424652,7.52027979520108,2.109155101537161,134,Fz
64.73743080465741,14.577290327050656,5.206982355986451,4.081435562977031,3.9481059940158785,134,Cz
1.7790945375052765,0.9961430996102679,0.3594586241792309,0.1643111353144687,0.04513585917199969,134,Pz
289.3640299083739,107.71892537193453,5.14782830074694,2.300799220113842,3.5847348484976678,134,Acc1
3.106285312855998,3.3178307592826086,7.610671553574392,5.78738094368051,3.8227404333037946,134,Acc2
10.287597273120163,9.491703542549093,0.057145350749183754,0.23133915173012187,0.14141643416755922,134,Acc3
7.671398683672144,2.3243469175309905,3.487619896071923,4.191539847079387,7.00733733642991,135,Fz
6.045747061610715,5.768778889677448,1.96923528160166,0.16691666175187872,0.19276044930928632,135,Cz
0.28705921486797414,0.24099378298282695,0.15753096825797155,0.011315799226872965,0.02672603524739211,135,Pz
10.020630919417005,8.167085024089607,10.124060870482992,9.223546735524096,4.452191332541512,135,Acc1
0.9976725462140565,0.30287675545607845,0.044535527496207664,0.3531918376852696,0.12023991514337187,135,Acc2
8.277643308831413,0.8252250640614763,0.21169883443525409,0.2783385638586956,0.06081079049798656,135,Acc3
